{"precision": 0.8220289478808334, "recall": 0.8112349474763003, "f1": 0.816596279699539, "accuracy": 0.9583587199032169}